[{"fields": {"clipboard": 1, "user": 1, "language": "en"}, "model": "cms.usersettings", "pk": 1}, {"fields": {"clipboard": 4, "user": 2, "language": "en"}, "model": "cms.usersettings", "pk": 2}, {"fields": {"slot": "clipboard", "default_width": null}, "model": "cms.placeholder", "pk": 1}, {"fields": {"slot": "content", "default_width": null}, "model": "cms.placeholder", "pk": 2}, {"fields": {"slot": "content", "default_width": null}, "model": "cms.placeholder", "pk": 3}, {"fields": {"slot": "clipboard", "default_width": null}, "model": "cms.placeholder", "pk": 4}, {"fields": {"slot": "press_item_content", "default_width": null}, "model": "cms.placeholder", "pk": 5}, {"fields": {"slot": "content", "default_width": null}, "model": "cms.placeholder", "pk": 6}, {"fields": {"slot": "content", "default_width": null}, "model": "cms.placeholder", "pk": 7}, {"fields": {"slot": "media_contacts", "default_width": null}, "model": "cms.placeholder", "pk": 8}, {"fields": {"slot": "media_contacts", "default_width": null}, "model": "cms.placeholder", "pk": 9}, {"fields": {"slot": "celebrity_content", "default_width": null}, "model": "cms.placeholder", "pk": 10}, {"fields": {"slot": "celebrity_content", "default_width": null}, "model": "cms.placeholder", "pk": 11}, {"fields": {"slot": "celebrity_content", "default_width": null}, "model": "cms.placeholder", "pk": 12}, {"fields": {"slot": "celebrity_content", "default_width": null}, "model": "cms.placeholder", "pk": 13}, {"fields": {"slot": "content", "default_width": null}, "model": "cms.placeholder", "pk": 14}, {"fields": {"slot": "content", "default_width": null}, "model": "cms.placeholder", "pk": 15}, {"fields": {"slot": "content", "default_width": null}, "model": "cms.placeholder", "pk": 17}, {"fields": {"slot": "content", "default_width": null}, "model": "cms.placeholder", "pk": 18}, {"fields": {"slot": "event_content", "default_width": null}, "model": "cms.placeholder", "pk": 21}, {"fields": {"slot": "celebrity_content", "default_width": null}, "model": "cms.placeholder", "pk": 22}, {"fields": {"slot": "celebrity_content", "default_width": null}, "model": "cms.placeholder", "pk": 23}, {"fields": {"slot": "celebrity_content", "default_width": null}, "model": "cms.placeholder", "pk": 24}, {"fields": {"slot": "celebrity_content", "default_width": null}, "model": "cms.placeholder", "pk": 25}, {"fields": {"slot": "celebrity_content", "default_width": null}, "model": "cms.placeholder", "pk": 26}, {"fields": {"slot": "celebrity_content", "default_width": null}, "model": "cms.placeholder", "pk": 27}, {"fields": {"slot": "celebrity_content", "default_width": null}, "model": "cms.placeholder", "pk": 28}, {"fields": {"slot": "event_content", "default_width": null}, "model": "cms.placeholder", "pk": 29}, {"fields": {"slot": "articles_index_footer", "default_width": null}, "model": "cms.placeholder", "pk": 30}, {"fields": {"slot": "articles_index_footer", "default_width": null}, "model": "cms.placeholder", "pk": 31}, {"fields": {"slot": "celebrity_content", "default_width": null}, "model": "cms.placeholder", "pk": 32}, {"fields": {"slot": "celebrity_content", "default_width": null}, "model": "cms.placeholder", "pk": 33}, {"fields": {"slot": "celebrity_content", "default_width": null}, "model": "cms.placeholder", "pk": 34}, {"fields": {"slot": "celebrity_content", "default_width": null}, "model": "cms.placeholder", "pk": 35}, {"fields": {"slot": "celebrity_content", "default_width": null}, "model": "cms.placeholder", "pk": 36}, {"fields": {"slot": "celebrity_content", "default_width": null}, "model": "cms.placeholder", "pk": 37}, {"fields": {"slot": "celebrity_content", "default_width": null}, "model": "cms.placeholder", "pk": 38}, {"fields": {"slot": "celebrity_content", "default_width": null}, "model": "cms.placeholder", "pk": 39}, {"fields": {"slot": "celebrity_content", "default_width": null}, "model": "cms.placeholder", "pk": 40}, {"fields": {"slot": "celebrity_content", "default_width": null}, "model": "cms.placeholder", "pk": 41}, {"fields": {"slot": "celebrity_content", "default_width": null}, "model": "cms.placeholder", "pk": 42}, {"fields": {"slot": "celebrity_content", "default_width": null}, "model": "cms.placeholder", "pk": 43}, {"fields": {"slot": "celebrity_content", "default_width": null}, "model": "cms.placeholder", "pk": 44}, {"fields": {"slot": "celebrity_content", "default_width": null}, "model": "cms.placeholder", "pk": 45}, {"fields": {"slot": "celebrity_content", "default_width": null}, "model": "cms.placeholder", "pk": 46}, {"fields": {"slot": "celebrity_content", "default_width": null}, "model": "cms.placeholder", "pk": 47}, {"fields": {"slot": "event_content", "default_width": null}, "model": "cms.placeholder", "pk": 48}, {"fields": {"slot": "event_content", "default_width": null}, "model": "cms.placeholder", "pk": 49}, {"fields": {"slot": "press_item_content", "default_width": null}, "model": "cms.placeholder", "pk": 50}, {"fields": {"slot": "press_item_content", "default_width": null}, "model": "cms.placeholder", "pk": 51}, {"fields": {"slot": "press_item_content", "default_width": null}, "model": "cms.placeholder", "pk": 52}, {"fields": {"rght": 2, "changed_date": "2015-01-25T14:51:34Z", "parent": null, "language": "en", "level": 0, "creation_date": "2015-01-25T14:51:27Z", "lft": 1, "tree_id": 1, "position": 0, "placeholder": 21, "plugin_type": "PicturePlugin"}, "model": "cms.cmsplugin", "pk": 2}, {"fields": {"rght": 2, "changed_date": "2015-02-09T00:17:57Z", "parent": null, "language": "en", "level": 0, "creation_date": "2015-02-09T00:16:35Z", "lft": 1, "tree_id": 2, "position": 0, "placeholder": 2, "plugin_type": "GoogleMapPlugin"}, "model": "cms.cmsplugin", "pk": 3}, {"fields": {"rght": 2, "changed_date": "2015-02-09T00:18:16Z", "parent": null, "language": "en", "level": 0, "creation_date": "2015-02-09T00:16:35Z", "lft": 1, "tree_id": 3, "position": 0, "placeholder": 3, "plugin_type": "GoogleMapPlugin"}, "model": "cms.cmsplugin", "pk": 4}, {"fields": {"rght": 2, "changed_date": "2015-02-26T17:14:20Z", "parent": null, "language": "en", "level": 0, "creation_date": "2015-02-26T17:14:07Z", "lft": 1, "tree_id": 4, "position": 0, "placeholder": 35, "plugin_type": "TextPlugin"}, "model": "cms.cmsplugin", "pk": 5}, {"fields": {"rght": 2, "changed_date": "2015-02-26T17:15:01Z", "parent": null, "language": "en", "level": 0, "creation_date": "2015-02-26T17:14:40Z", "lft": 1, "tree_id": 5, "position": 1, "placeholder": 35, "plugin_type": "PicturePlugin"}, "model": "cms.cmsplugin", "pk": 6}, {"fields": {"rght": 2, "changed_date": "2015-02-26T18:01:43Z", "parent": null, "language": "en", "level": 0, "creation_date": "2015-02-26T18:01:30Z", "lft": 1, "tree_id": 6, "position": 0, "placeholder": 41, "plugin_type": "TextPlugin"}, "model": "cms.cmsplugin", "pk": 7}, {"fields": {"rght": 2, "changed_date": "2015-02-26T18:02:05Z", "parent": null, "language": "en", "level": 0, "creation_date": "2015-02-26T18:01:53Z", "lft": 1, "tree_id": 7, "position": 1, "placeholder": 41, "plugin_type": "PicturePlugin"}, "model": "cms.cmsplugin", "pk": 8}, {"fields": {"rght": 2, "changed_date": "2015-02-26T18:03:26Z", "parent": null, "language": "en", "level": 0, "creation_date": "2015-02-26T18:03:01Z", "lft": 1, "tree_id": 8, "position": 2, "placeholder": 41, "plugin_type": "TextPlugin"}, "model": "cms.cmsplugin", "pk": 9}, {"fields": {"rght": 2, "changed_date": "2015-02-26T20:41:08Z", "parent": null, "language": "en", "level": 0, "creation_date": "2015-02-26T20:41:04Z", "lft": 1, "tree_id": 9, "position": 0, "placeholder": 8, "plugin_type": "PressContactPlugin"}, "model": "cms.cmsplugin", "pk": 12}, {"fields": {"rght": 2, "changed_date": "2015-02-26T20:58:29Z", "parent": null, "language": "en", "level": 0, "creation_date": "2015-02-26T20:41:04Z", "lft": 1, "tree_id": 10, "position": 0, "placeholder": 9, "plugin_type": "PressContactPlugin"}, "model": "cms.cmsplugin", "pk": 13}, {"fields": {"rght": 2, "navigation_extenders": null, "site": 1, "application_namespace": null, "lft": 1, "in_navigation": true, "reverse_id": null, "login_required": false, "created_by": "admin", "languages": "en", "publication_end_date": null, "template": "INHERIT", "tree_id": 1, "placeholders": [2], "changed_date": "2015-02-26T20:58:29Z", "limit_visibility_in_menu": null, "parent": null, "soft_root": false, "is_home": true, "publication_date": "2015-01-04T10:32:05Z", "creation_date": "2015-01-04T10:32:05Z", "publisher_public": 2, "level": 0, "changed_by": "admin", "application_urls": null, "publisher_is_draft": true, "xframe_options": 0, "revision_id": 0}, "model": "cms.page", "pk": 1}, {"fields": {"rght": 2, "navigation_extenders": null, "site": 1, "application_namespace": null, "lft": 1, "in_navigation": true, "reverse_id": null, "login_required": false, "created_by": "admin", "languages": "en", "publication_end_date": null, "template": "INHERIT", "tree_id": 2, "placeholders": [3], "changed_date": "2015-02-26T20:58:29Z", "limit_visibility_in_menu": null, "parent": null, "soft_root": false, "is_home": true, "publication_date": "2015-01-04T10:32:05Z", "creation_date": "2015-01-04T10:32:05Z", "publisher_public": 1, "level": 0, "changed_by": "admin", "application_urls": null, "publisher_is_draft": false, "xframe_options": 0, "revision_id": 0}, "model": "cms.page", "pk": 2}, {"fields": {"rght": 2, "navigation_extenders": "", "site": 1, "application_namespace": "articles", "lft": 1, "in_navigation": true, "reverse_id": null, "login_required": false, "created_by": "aaron", "languages": "en", "publication_end_date": null, "template": "INHERIT", "tree_id": 3, "placeholders": [6], "changed_date": "2015-01-25T00:05:58Z", "limit_visibility_in_menu": null, "parent": null, "soft_root": false, "is_home": false, "publication_date": "2015-01-25T00:05:58Z", "creation_date": "2015-01-25T00:05:25Z", "publisher_public": 4, "level": 0, "changed_by": "aaron", "application_urls": "ArticlesApp", "publisher_is_draft": true, "xframe_options": 0, "revision_id": 0}, "model": "cms.page", "pk": 3}, {"fields": {"rght": 2, "navigation_extenders": "", "site": 1, "application_namespace": "articles", "lft": 1, "in_navigation": true, "reverse_id": null, "login_required": false, "created_by": "aaron", "languages": "en", "publication_end_date": null, "template": "INHERIT", "tree_id": 4, "placeholders": [7], "changed_date": "2015-01-25T00:05:58Z", "limit_visibility_in_menu": null, "parent": null, "soft_root": false, "is_home": false, "publication_date": "2015-01-25T00:05:58Z", "creation_date": "2015-01-25T00:05:58Z", "publisher_public": 3, "level": 0, "changed_by": "aaron", "application_urls": "ArticlesApp", "publisher_is_draft": false, "xframe_options": 0, "revision_id": 0}, "model": "cms.page", "pk": 4}, {"fields": {"rght": 2, "navigation_extenders": "", "site": 1, "application_namespace": "celebrities", "lft": 1, "in_navigation": true, "reverse_id": null, "login_required": false, "created_by": "aaron", "languages": "en", "publication_end_date": null, "template": "INHERIT", "tree_id": 5, "placeholders": [14], "changed_date": "2015-01-25T13:28:37Z", "limit_visibility_in_menu": null, "parent": null, "soft_root": false, "is_home": false, "publication_date": "2015-01-25T13:25:42Z", "creation_date": "2015-01-25T13:25:24Z", "publisher_public": 6, "level": 0, "changed_by": "aaron", "application_urls": "CelebritiesApp", "publisher_is_draft": true, "xframe_options": 0, "revision_id": 0}, "model": "cms.page", "pk": 5}, {"fields": {"rght": 2, "navigation_extenders": "", "site": 1, "application_namespace": "celebrities", "lft": 1, "in_navigation": true, "reverse_id": null, "login_required": false, "created_by": "aaron", "languages": "en", "publication_end_date": null, "template": "INHERIT", "tree_id": 6, "placeholders": [15], "changed_date": "2015-01-25T13:25:42Z", "limit_visibility_in_menu": null, "parent": null, "soft_root": false, "is_home": false, "publication_date": "2015-01-25T13:25:42Z", "creation_date": "2015-01-25T13:25:42Z", "publisher_public": 5, "level": 0, "changed_by": "aaron", "application_urls": "CelebritiesApp", "publisher_is_draft": false, "xframe_options": 0, "revision_id": 0}, "model": "cms.page", "pk": 6}, {"fields": {"rght": 2, "navigation_extenders": "", "site": 1, "application_namespace": "events", "lft": 1, "in_navigation": true, "reverse_id": null, "login_required": false, "created_by": "aaron", "languages": "en", "publication_end_date": null, "template": "INHERIT", "tree_id": 7, "placeholders": [17], "changed_date": "2015-02-26T20:58:29Z", "limit_visibility_in_menu": null, "parent": null, "soft_root": false, "is_home": false, "publication_date": "2015-01-25T14:02:31Z", "creation_date": "2015-01-25T14:02:05Z", "publisher_public": 8, "level": 0, "changed_by": "admin", "application_urls": "EventsApp", "publisher_is_draft": true, "xframe_options": 0, "revision_id": 0}, "model": "cms.page", "pk": 7}, {"fields": {"rght": 2, "navigation_extenders": "", "site": 1, "application_namespace": "events", "lft": 1, "in_navigation": true, "reverse_id": null, "login_required": false, "created_by": "aaron", "languages": "en", "publication_end_date": null, "template": "INHERIT", "tree_id": 8, "placeholders": [18], "changed_date": "2015-02-26T20:58:29Z", "limit_visibility_in_menu": null, "parent": null, "soft_root": false, "is_home": false, "publication_date": "2015-01-25T14:02:31Z", "creation_date": "2015-01-25T14:02:31Z", "publisher_public": 7, "level": 0, "changed_by": "admin", "application_urls": "EventsApp", "publisher_is_draft": false, "xframe_options": 0, "revision_id": 0}, "model": "cms.page", "pk": 8}, {"fields": {"menu_title": "", "meta_description": "", "page_title": "", "language": "en", "title": "a", "has_url_overwrite": false, "redirect": null, "publisher_is_draft": true, "page": 1, "published": true, "path": "", "publisher_state": 1, "creation_date": "2015-01-04T10:32:05Z", "slug": "a", "publisher_public": 2}, "model": "cms.title", "pk": 1}, {"fields": {"menu_title": "", "meta_description": "", "page_title": "", "language": "en", "title": "a", "has_url_overwrite": false, "redirect": null, "publisher_is_draft": false, "page": 2, "published": true, "path": "", "publisher_state": 1, "creation_date": "2015-01-04T10:32:05Z", "slug": "a", "publisher_public": 1}, "model": "cms.title", "pk": 2}, {"fields": {"menu_title": "Articles & Publications", "meta_description": "", "page_title": "Articles", "language": "en", "title": "Articles & Publications", "has_url_overwrite": false, "redirect": "", "publisher_is_draft": true, "page": 3, "published": true, "path": "articles", "publisher_state": 0, "creation_date": "2015-01-25T00:05:25Z", "slug": "articles", "publisher_public": 4}, "model": "cms.title", "pk": 3}, {"fields": {"menu_title": "Articles & Publications", "meta_description": "", "page_title": "Articles", "language": "en", "title": "Articles & Publications", "has_url_overwrite": false, "redirect": "", "publisher_is_draft": false, "page": 4, "published": true, "path": "articles", "publisher_state": 0, "creation_date": "2015-01-25T00:05:25Z", "slug": "articles", "publisher_public": 3}, "model": "cms.title", "pk": 4}, {"fields": {"menu_title": "Celebrities", "meta_description": "", "page_title": "", "language": "en", "title": "Celebrities in Theia", "has_url_overwrite": false, "redirect": "", "publisher_is_draft": true, "page": 5, "published": true, "path": "celebrities", "publisher_state": 0, "creation_date": "2015-01-25T13:25:24Z", "slug": "celebrities", "publisher_public": 6}, "model": "cms.title", "pk": 5}, {"fields": {"menu_title": "Celebrities", "meta_description": "", "page_title": "", "language": "en", "title": "Celebrities in Theia", "has_url_overwrite": false, "redirect": "", "publisher_is_draft": false, "page": 6, "published": true, "path": "celebrities", "publisher_state": 0, "creation_date": "2015-01-25T13:25:24Z", "slug": "celebrities", "publisher_public": 5}, "model": "cms.title", "pk": 6}, {"fields": {"menu_title": "Events", "meta_description": "", "page_title": "", "language": "en", "title": "Events", "has_url_overwrite": false, "redirect": "", "publisher_is_draft": true, "page": 7, "published": true, "path": "events", "publisher_state": 0, "creation_date": "2015-01-25T14:02:05Z", "slug": "events", "publisher_public": 8}, "model": "cms.title", "pk": 7}, {"fields": {"menu_title": "Events", "meta_description": "", "page_title": "", "language": "en", "title": "Events", "has_url_overwrite": false, "redirect": "", "publisher_is_draft": false, "page": 8, "published": true, "path": "events", "publisher_state": 0, "creation_date": "2015-01-25T14:02:05Z", "slug": "events", "publisher_public": 7}, "model": "cms.title", "pk": 8}, {"fields": {"code": "media_contacts", "name": "media_contacts", "creation_method": "template", "site": null, "draft": 8, "dirty": false, "public": 9}, "model": "cms.staticplaceholder", "pk": 1}, {"fields": {"code": "articles_index_footer", "name": "articles_index_footer", "creation_method": "template", "site": null, "draft": 30, "dirty": false, "public": 31}, "model": "cms.staticplaceholder", "pk": 2}]