[{"fields": {"clipboard": 1, "user": ["aaron"], "language": "en"}, "model": "cms.usersettings", "pk": 1}, {"fields": {"slot": "clipboard", "default_width": null}, "model": "cms.placeholder", "pk": 1}, {"fields": {"slot": "content", "default_width": null}, "model": "cms.placeholder", "pk": 2}, {"fields": {"slot": "content", "default_width": null}, "model": "cms.placeholder", "pk": 3}, {"fields": {"slot": "content", "default_width": null}, "model": "cms.placeholder", "pk": 4}, {"fields": {"slot": "content", "default_width": null}, "model": "cms.placeholder", "pk": 5}, {"fields": {"slot": "content", "default_width": null}, "model": "cms.placeholder", "pk": 6}, {"fields": {"slot": "content", "default_width": null}, "model": "cms.placeholder", "pk": 7}, {"fields": {"slot": "content", "default_width": null}, "model": "cms.placeholder", "pk": 8}, {"fields": {"slot": "content", "default_width": null}, "model": "cms.placeholder", "pk": 9}, {"fields": {"slot": "content", "default_width": null}, "model": "cms.placeholder", "pk": 10}, {"fields": {"slot": "content", "default_width": null}, "model": "cms.placeholder", "pk": 11}, {"fields": {"slot": "event_content", "default_width": null}, "model": "cms.placeholder", "pk": 12}, {"fields": {"slot": "event_content", "default_width": null}, "model": "cms.placeholder", "pk": 13}, {"fields": {"slot": "media_contacts", "default_width": null}, "model": "cms.placeholder", "pk": 14}, {"fields": {"slot": "media_contacts", "default_width": null}, "model": "cms.placeholder", "pk": 15}, {"fields": {"slot": "celebrity_content", "default_width": null}, "model": "cms.placeholder", "pk": 16}, {"fields": {"slot": "celebrity_content", "default_width": null}, "model": "cms.placeholder", "pk": 17}, {"fields": {"slot": "celebrity_content", "default_width": null}, "model": "cms.placeholder", "pk": 18}, {"fields": {"slot": "celebrity_content", "default_width": null}, "model": "cms.placeholder", "pk": 19}, {"fields": {"slot": "celebrity_content", "default_width": null}, "model": "cms.placeholder", "pk": 20}, {"fields": {"slot": "celebrity_content", "default_width": null}, "model": "cms.placeholder", "pk": 21}, {"fields": {"slot": "celebrity_content", "default_width": null}, "model": "cms.placeholder", "pk": 22}, {"fields": {"slot": "celebrity_content", "default_width": null}, "model": "cms.placeholder", "pk": 23}, {"fields": {"slot": "celebrity_content", "default_width": null}, "model": "cms.placeholder", "pk": 24}, {"fields": {"slot": "celebrity_content", "default_width": null}, "model": "cms.placeholder", "pk": 25}, {"fields": {"slot": "celebrity_content", "default_width": null}, "model": "cms.placeholder", "pk": 26}, {"fields": {"slot": "celebrity_content", "default_width": null}, "model": "cms.placeholder", "pk": 27}, {"fields": {"slot": "celebrity_content", "default_width": null}, "model": "cms.placeholder", "pk": 28}, {"fields": {"slot": "celebrity_content", "default_width": null}, "model": "cms.placeholder", "pk": 29}, {"fields": {"slot": "celebrity_content", "default_width": null}, "model": "cms.placeholder", "pk": 30}, {"fields": {"slot": "celebrity_content", "default_width": null}, "model": "cms.placeholder", "pk": 31}, {"fields": {"slot": "celebrity_content", "default_width": null}, "model": "cms.placeholder", "pk": 32}, {"fields": {"slot": "celebrity_content", "default_width": null}, "model": "cms.placeholder", "pk": 33}, {"fields": {"slot": "celebrity_content", "default_width": null}, "model": "cms.placeholder", "pk": 34}, {"fields": {"slot": "celebrity_content", "default_width": null}, "model": "cms.placeholder", "pk": 35}, {"fields": {"slot": "celebrity_content", "default_width": null}, "model": "cms.placeholder", "pk": 36}, {"fields": {"slot": "celebrity_content", "default_width": null}, "model": "cms.placeholder", "pk": 37}, {"fields": {"slot": "celebrity_content", "default_width": null}, "model": "cms.placeholder", "pk": 38}, {"fields": {"slot": "celebrity_content", "default_width": null}, "model": "cms.placeholder", "pk": 39}, {"fields": {"slot": "celebrity_content", "default_width": null}, "model": "cms.placeholder", "pk": 40}, {"fields": {"slot": "celebrity_content", "default_width": null}, "model": "cms.placeholder", "pk": 41}, {"fields": {"slot": "celebrity_content", "default_width": null}, "model": "cms.placeholder", "pk": 42}, {"fields": {"slot": "celebrity_content", "default_width": null}, "model": "cms.placeholder", "pk": 43}, {"fields": {"slot": "celebrity_content", "default_width": null}, "model": "cms.placeholder", "pk": 44}, {"fields": {"slot": "celebrity_content", "default_width": null}, "model": "cms.placeholder", "pk": 45}, {"fields": {"slot": "celebrity_content", "default_width": null}, "model": "cms.placeholder", "pk": 46}, {"fields": {"slot": "celebrity_content", "default_width": null}, "model": "cms.placeholder", "pk": 47}, {"fields": {"slot": "celebrity_content", "default_width": null}, "model": "cms.placeholder", "pk": 48}, {"fields": {"slot": "celebrity_content", "default_width": null}, "model": "cms.placeholder", "pk": 49}, {"fields": {"slot": "celebrity_content", "default_width": null}, "model": "cms.placeholder", "pk": 50}, {"fields": {"slot": "celebrity_content", "default_width": null}, "model": "cms.placeholder", "pk": 51}, {"fields": {"slot": "celebrity_content", "default_width": null}, "model": "cms.placeholder", "pk": 52}, {"fields": {"slot": "celebrity_content", "default_width": null}, "model": "cms.placeholder", "pk": 53}, {"fields": {"slot": "celebrity_content", "default_width": null}, "model": "cms.placeholder", "pk": 54}, {"fields": {"slot": "celebrity_content", "default_width": null}, "model": "cms.placeholder", "pk": 55}, {"fields": {"slot": "celebrity_content", "default_width": null}, "model": "cms.placeholder", "pk": 56}, {"fields": {"slot": "celebrity_content", "default_width": null}, "model": "cms.placeholder", "pk": 57}, {"fields": {"slot": "celebrity_content", "default_width": null}, "model": "cms.placeholder", "pk": 58}, {"fields": {"slot": "celebrity_content", "default_width": null}, "model": "cms.placeholder", "pk": 59}, {"fields": {"slot": "celebrity_content", "default_width": null}, "model": "cms.placeholder", "pk": 60}, {"fields": {"slot": "celebrity_content", "default_width": null}, "model": "cms.placeholder", "pk": 61}, {"fields": {"slot": "celebrity_content", "default_width": null}, "model": "cms.placeholder", "pk": 62}, {"fields": {"slot": "celebrity_content", "default_width": null}, "model": "cms.placeholder", "pk": 63}, {"fields": {"slot": "celebrity_content", "default_width": null}, "model": "cms.placeholder", "pk": 64}, {"fields": {"slot": "celebrity_content", "default_width": null}, "model": "cms.placeholder", "pk": 65}, {"fields": {"slot": "celebrity_content", "default_width": null}, "model": "cms.placeholder", "pk": 66}, {"fields": {"slot": "celebrity_content", "default_width": null}, "model": "cms.placeholder", "pk": 67}, {"fields": {"slot": "celebrity_content", "default_width": null}, "model": "cms.placeholder", "pk": 68}, {"fields": {"slot": "celebrity_content", "default_width": null}, "model": "cms.placeholder", "pk": 69}, {"fields": {"slot": "celebrity_content", "default_width": null}, "model": "cms.placeholder", "pk": 70}, {"fields": {"slot": "celebrity_content", "default_width": null}, "model": "cms.placeholder", "pk": 71}, {"fields": {"slot": "celebrity_content", "default_width": null}, "model": "cms.placeholder", "pk": 72}, {"fields": {"slot": "celebrity_content", "default_width": null}, "model": "cms.placeholder", "pk": 73}, {"fields": {"slot": "celebrity_content", "default_width": null}, "model": "cms.placeholder", "pk": 74}, {"fields": {"slot": "celebrity_content", "default_width": null}, "model": "cms.placeholder", "pk": 75}, {"fields": {"slot": "celebrity_content", "default_width": null}, "model": "cms.placeholder", "pk": 76}, {"fields": {"slot": "celebrity_content", "default_width": null}, "model": "cms.placeholder", "pk": 77}, {"fields": {"slot": "celebrity_content", "default_width": null}, "model": "cms.placeholder", "pk": 78}, {"fields": {"slot": "celebrity_content", "default_width": null}, "model": "cms.placeholder", "pk": 79}, {"fields": {"slot": "celebrity_content", "default_width": null}, "model": "cms.placeholder", "pk": 80}, {"fields": {"slot": "celebrity_content", "default_width": null}, "model": "cms.placeholder", "pk": 81}, {"fields": {"slot": "celebrity_content", "default_width": null}, "model": "cms.placeholder", "pk": 82}, {"fields": {"slot": "celebrity_content", "default_width": null}, "model": "cms.placeholder", "pk": 83}, {"fields": {"slot": "celebrity_content", "default_width": null}, "model": "cms.placeholder", "pk": 84}, {"fields": {"slot": "celebrity_content", "default_width": null}, "model": "cms.placeholder", "pk": 85}, {"fields": {"slot": "articles_index_footer", "default_width": null}, "model": "cms.placeholder", "pk": 86}, {"fields": {"slot": "articles_index_footer", "default_width": null}, "model": "cms.placeholder", "pk": 87}, {"fields": {"slot": "press_item_content", "default_width": null}, "model": "cms.placeholder", "pk": 88}, {"fields": {"slot": "press_item_content", "default_width": null}, "model": "cms.placeholder", "pk": 89}, {"fields": {"slot": "press_item_content", "default_width": null}, "model": "cms.placeholder", "pk": 90}, {"fields": {"slot": "press_item_content", "default_width": null}, "model": "cms.placeholder", "pk": 91}, {"fields": {"slot": "press_item_content", "default_width": null}, "model": "cms.placeholder", "pk": 92}, {"fields": {"slot": "press_item_content", "default_width": null}, "model": "cms.placeholder", "pk": 93}, {"fields": {"slot": "press_item_content", "default_width": null}, "model": "cms.placeholder", "pk": 94}, {"fields": {"slot": "press_item_content", "default_width": null}, "model": "cms.placeholder", "pk": 95}, {"fields": {"slot": "press_item_content", "default_width": null}, "model": "cms.placeholder", "pk": 96}, {"fields": {"slot": "press_item_content", "default_width": null}, "model": "cms.placeholder", "pk": 97}, {"fields": {"slot": "press_item_content", "default_width": null}, "model": "cms.placeholder", "pk": 98}, {"fields": {"slot": "press_item_content", "default_width": null}, "model": "cms.placeholder", "pk": 99}, {"fields": {"slot": "press_item_content", "default_width": null}, "model": "cms.placeholder", "pk": 100}, {"fields": {"slot": "press_item_content", "default_width": null}, "model": "cms.placeholder", "pk": 101}, {"fields": {"slot": "press_item_content", "default_width": null}, "model": "cms.placeholder", "pk": 102}, {"fields": {"slot": "press_item_content", "default_width": null}, "model": "cms.placeholder", "pk": 103}, {"fields": {"slot": "press_item_content", "default_width": null}, "model": "cms.placeholder", "pk": 104}, {"fields": {"rght": 2, "changed_date": "2015-03-04T11:45:05Z", "parent": null, "language": "en", "level": 0, "creation_date": "2015-03-03T23:20:33Z", "lft": 1, "tree_id": 1, "position": 0, "placeholder": 12, "plugin_type": "VideoPlugin"}, "model": "cms.cmsplugin", "pk": 1}, {"fields": {"rght": 2, "changed_date": "2015-03-04T13:32:12Z", "parent": null, "language": "en", "level": 0, "creation_date": "2015-03-04T13:31:01Z", "lft": 1, "tree_id": 2, "position": 1, "placeholder": 12, "plugin_type": "TextPlugin"}, "model": "cms.cmsplugin", "pk": 2}, {"fields": {"rght": 2, "changed_date": "2015-03-04T17:10:21Z", "parent": null, "language": "en", "level": 0, "creation_date": "2015-03-04T17:09:54Z", "lft": 1, "tree_id": 3, "position": 0, "placeholder": 88, "plugin_type": "TextPlugin"}, "model": "cms.cmsplugin", "pk": 3}, {"fields": {"rght": 2, "changed_date": "2015-03-04T17:10:41Z", "parent": null, "language": "en", "level": 0, "creation_date": "2015-03-04T17:10:27Z", "lft": 1, "tree_id": 4, "position": 1, "placeholder": 88, "plugin_type": "PicturePlugin"}, "model": "cms.cmsplugin", "pk": 4}, {"fields": {"rght": 2, "changed_date": "2015-03-04T17:11:35Z", "parent": null, "language": "en", "level": 0, "creation_date": "2015-03-04T17:11:21Z", "lft": 1, "tree_id": 5, "position": 2, "placeholder": 88, "plugin_type": "TextPlugin"}, "model": "cms.cmsplugin", "pk": 5}, {"fields": {"rght": 2, "changed_date": "2015-03-04T17:12:03Z", "parent": null, "language": "en", "level": 0, "creation_date": "2015-03-04T17:11:44Z", "lft": 1, "tree_id": 6, "position": 3, "placeholder": 88, "plugin_type": "PicturePlugin"}, "model": "cms.cmsplugin", "pk": 6}, {"fields": {"rght": 2, "changed_date": "2015-03-04T17:32:11Z", "parent": null, "language": "en", "level": 0, "creation_date": "2015-03-04T17:31:56Z", "lft": 1, "tree_id": 7, "position": 4, "placeholder": 88, "plugin_type": "TextPlugin"}, "model": "cms.cmsplugin", "pk": 8}, {"fields": {"rght": 2, "changed_date": "2015-03-04T17:40:34Z", "parent": null, "language": "en", "level": 0, "creation_date": "2015-03-04T17:40:17Z", "lft": 1, "tree_id": 8, "position": 0, "placeholder": 89, "plugin_type": "TextPlugin"}, "model": "cms.cmsplugin", "pk": 9}, {"fields": {"rght": 2, "changed_date": "2015-03-04T17:41:04Z", "parent": null, "language": "en", "level": 0, "creation_date": "2015-03-04T17:40:40Z", "lft": 1, "tree_id": 9, "position": 1, "placeholder": 89, "plugin_type": "PicturePlugin"}, "model": "cms.cmsplugin", "pk": 10}, {"fields": {"rght": 2, "changed_date": "2015-03-04T17:41:26Z", "parent": null, "language": "en", "level": 0, "creation_date": "2015-03-04T17:41:14Z", "lft": 1, "tree_id": 10, "position": 2, "placeholder": 89, "plugin_type": "TextPlugin"}, "model": "cms.cmsplugin", "pk": 11}, {"fields": {"rght": 2, "changed_date": "2015-03-04T17:45:32Z", "parent": null, "language": "en", "level": 0, "creation_date": "2015-03-04T17:45:15Z", "lft": 1, "tree_id": 11, "position": 0, "placeholder": 90, "plugin_type": "TextPlugin"}, "model": "cms.cmsplugin", "pk": 12}, {"fields": {"rght": 2, "changed_date": "2015-03-04T17:45:49Z", "parent": null, "language": "en", "level": 0, "creation_date": "2015-03-04T17:45:38Z", "lft": 1, "tree_id": 12, "position": 1, "placeholder": 90, "plugin_type": "PicturePlugin"}, "model": "cms.cmsplugin", "pk": 13}, {"fields": {"rght": 2, "changed_date": "2015-03-04T17:47:53Z", "parent": null, "language": "en", "level": 0, "creation_date": "2015-03-04T17:47:43Z", "lft": 1, "tree_id": 13, "position": 0, "placeholder": 91, "plugin_type": "TextPlugin"}, "model": "cms.cmsplugin", "pk": 14}, {"fields": {"rght": 2, "changed_date": "2015-03-04T17:48:11Z", "parent": null, "language": "en", "level": 0, "creation_date": "2015-03-04T17:48:00Z", "lft": 1, "tree_id": 14, "position": 1, "placeholder": 91, "plugin_type": "PicturePlugin"}, "model": "cms.cmsplugin", "pk": 15}, {"fields": {"rght": 2, "changed_date": "2015-03-04T17:48:30Z", "parent": null, "language": "en", "level": 0, "creation_date": "2015-03-04T17:48:22Z", "lft": 1, "tree_id": 15, "position": 2, "placeholder": 91, "plugin_type": "PicturePlugin"}, "model": "cms.cmsplugin", "pk": 16}, {"fields": {"rght": 2, "changed_date": "2015-03-04T17:55:28Z", "parent": null, "language": "en", "level": 0, "creation_date": "2015-03-04T17:55:12Z", "lft": 1, "tree_id": 16, "position": 0, "placeholder": 92, "plugin_type": "TextPlugin"}, "model": "cms.cmsplugin", "pk": 17}, {"fields": {"rght": 2, "changed_date": "2015-03-04T17:55:59Z", "parent": null, "language": "en", "level": 0, "creation_date": "2015-03-04T17:55:38Z", "lft": 1, "tree_id": 17, "position": 1, "placeholder": 92, "plugin_type": "PicturePlugin"}, "model": "cms.cmsplugin", "pk": 18}, {"fields": {"rght": 2, "changed_date": "2015-03-04T17:58:51Z", "parent": null, "language": "en", "level": 0, "creation_date": "2015-03-04T17:58:35Z", "lft": 1, "tree_id": 18, "position": 0, "placeholder": 93, "plugin_type": "TextPlugin"}, "model": "cms.cmsplugin", "pk": 19}, {"fields": {"rght": 2, "changed_date": "2015-03-04T17:59:27Z", "parent": null, "language": "en", "level": 0, "creation_date": "2015-03-04T17:58:56Z", "lft": 1, "tree_id": 19, "position": 1, "placeholder": 93, "plugin_type": "PicturePlugin"}, "model": "cms.cmsplugin", "pk": 20}, {"fields": {"rght": 2, "changed_date": "2015-03-04T17:59:58Z", "parent": null, "language": "en", "level": 0, "creation_date": "2015-03-04T17:59:45Z", "lft": 1, "tree_id": 20, "position": 2, "placeholder": 93, "plugin_type": "TextPlugin"}, "model": "cms.cmsplugin", "pk": 21}, {"fields": {"rght": 2, "changed_date": "2015-03-04T18:30:17Z", "parent": null, "language": "en", "level": 0, "creation_date": "2015-03-04T18:30:01Z", "lft": 1, "tree_id": 21, "position": 0, "placeholder": 95, "plugin_type": "TextPlugin"}, "model": "cms.cmsplugin", "pk": 22}, {"fields": {"rght": 2, "changed_date": "2015-03-04T18:30:31Z", "parent": null, "language": "en", "level": 0, "creation_date": "2015-03-04T18:30:22Z", "lft": 1, "tree_id": 22, "position": 1, "placeholder": 95, "plugin_type": "PicturePlugin"}, "model": "cms.cmsplugin", "pk": 23}, {"fields": {"rght": 2, "changed_date": "2015-03-04T18:33:56Z", "parent": null, "language": "en", "level": 0, "creation_date": "2015-03-04T18:33:47Z", "lft": 1, "tree_id": 23, "position": 0, "placeholder": 96, "plugin_type": "TextPlugin"}, "model": "cms.cmsplugin", "pk": 24}, {"fields": {"rght": 2, "changed_date": "2015-03-04T18:34:09Z", "parent": null, "language": "en", "level": 0, "creation_date": "2015-03-04T18:34:01Z", "lft": 1, "tree_id": 24, "position": 1, "placeholder": 96, "plugin_type": "PicturePlugin"}, "model": "cms.cmsplugin", "pk": 25}, {"fields": {"rght": 2, "changed_date": "2015-03-04T18:37:07Z", "parent": null, "language": "en", "level": 0, "creation_date": "2015-03-04T18:36:54Z", "lft": 1, "tree_id": 25, "position": 0, "placeholder": 97, "plugin_type": "TextPlugin"}, "model": "cms.cmsplugin", "pk": 26}, {"fields": {"rght": 2, "changed_date": "2015-03-04T18:37:33Z", "parent": null, "language": "en", "level": 0, "creation_date": "2015-03-04T18:37:13Z", "lft": 1, "tree_id": 26, "position": 1, "placeholder": 97, "plugin_type": "PicturePlugin"}, "model": "cms.cmsplugin", "pk": 27}, {"fields": {"rght": 2, "changed_date": "2015-03-04T18:39:13Z", "parent": null, "language": "en", "level": 0, "creation_date": "2015-03-04T18:39:05Z", "lft": 1, "tree_id": 27, "position": 0, "placeholder": 98, "plugin_type": "TextPlugin"}, "model": "cms.cmsplugin", "pk": 28}, {"fields": {"rght": 2, "changed_date": "2015-03-04T18:39:28Z", "parent": null, "language": "en", "level": 0, "creation_date": "2015-03-04T18:39:19Z", "lft": 1, "tree_id": 28, "position": 1, "placeholder": 98, "plugin_type": "PicturePlugin"}, "model": "cms.cmsplugin", "pk": 29}, {"fields": {"rght": 2, "changed_date": "2015-03-04T18:41:17Z", "parent": null, "language": "en", "level": 0, "creation_date": "2015-03-04T18:41:06Z", "lft": 1, "tree_id": 29, "position": 0, "placeholder": 99, "plugin_type": "TextPlugin"}, "model": "cms.cmsplugin", "pk": 30}, {"fields": {"rght": 2, "changed_date": "2015-03-04T18:41:31Z", "parent": null, "language": "en", "level": 0, "creation_date": "2015-03-04T18:41:23Z", "lft": 1, "tree_id": 30, "position": 1, "placeholder": 99, "plugin_type": "PicturePlugin"}, "model": "cms.cmsplugin", "pk": 31}, {"fields": {"rght": 2, "changed_date": "2015-03-04T18:41:47Z", "parent": null, "language": "en", "level": 0, "creation_date": "2015-03-04T18:41:39Z", "lft": 1, "tree_id": 31, "position": 2, "placeholder": 99, "plugin_type": "PicturePlugin"}, "model": "cms.cmsplugin", "pk": 32}, {"fields": {"rght": 2, "changed_date": "2015-03-04T18:42:06Z", "parent": null, "language": "en", "level": 0, "creation_date": "2015-03-04T18:41:56Z", "lft": 1, "tree_id": 32, "position": 3, "placeholder": 99, "plugin_type": "PicturePlugin"}, "model": "cms.cmsplugin", "pk": 33}, {"fields": {"rght": 2, "changed_date": "2015-03-04T18:42:21Z", "parent": null, "language": "en", "level": 0, "creation_date": "2015-03-04T18:42:14Z", "lft": 1, "tree_id": 33, "position": 4, "placeholder": 99, "plugin_type": "PicturePlugin"}, "model": "cms.cmsplugin", "pk": 34}, {"fields": {"rght": 2, "changed_date": "2015-03-04T18:42:35Z", "parent": null, "language": "en", "level": 0, "creation_date": "2015-03-04T18:42:29Z", "lft": 1, "tree_id": 34, "position": 5, "placeholder": 99, "plugin_type": "PicturePlugin"}, "model": "cms.cmsplugin", "pk": 35}, {"fields": {"rght": 2, "changed_date": "2015-03-04T18:45:21Z", "parent": null, "language": "en", "level": 0, "creation_date": "2015-03-04T18:45:07Z", "lft": 1, "tree_id": 35, "position": 0, "placeholder": 100, "plugin_type": "TextPlugin"}, "model": "cms.cmsplugin", "pk": 36}, {"fields": {"rght": 2, "changed_date": "2015-03-04T18:45:38Z", "parent": null, "language": "en", "level": 0, "creation_date": "2015-03-04T18:45:27Z", "lft": 1, "tree_id": 36, "position": 1, "placeholder": 100, "plugin_type": "PicturePlugin"}, "model": "cms.cmsplugin", "pk": 37}, {"fields": {"rght": 2, "changed_date": "2015-03-04T18:48:11Z", "parent": null, "language": "en", "level": 0, "creation_date": "2015-03-04T18:47:00Z", "lft": 1, "tree_id": 37, "position": 2, "placeholder": 101, "plugin_type": "PicturePlugin"}, "model": "cms.cmsplugin", "pk": 38}, {"fields": {"rght": 2, "changed_date": "2015-03-04T18:48:11Z", "parent": null, "language": "en", "level": 0, "creation_date": "2015-03-04T18:47:23Z", "lft": 1, "tree_id": 38, "position": 1, "placeholder": 101, "plugin_type": "TextPlugin"}, "model": "cms.cmsplugin", "pk": 39}, {"fields": {"rght": 2, "changed_date": "2015-03-04T18:48:11Z", "parent": null, "language": "en", "level": 0, "creation_date": "2015-03-04T18:47:38Z", "lft": 1, "tree_id": 39, "position": 0, "placeholder": 101, "plugin_type": "PicturePlugin"}, "model": "cms.cmsplugin", "pk": 40}, {"fields": {"rght": 2, "changed_date": "2015-03-04T19:14:07Z", "parent": null, "language": "en", "level": 0, "creation_date": "2015-03-04T19:13:55Z", "lft": 1, "tree_id": 40, "position": 0, "placeholder": 102, "plugin_type": "PicturePlugin"}, "model": "cms.cmsplugin", "pk": 41}, {"fields": {"rght": 2, "changed_date": "2015-03-04T19:20:02Z", "parent": null, "language": "en", "level": 0, "creation_date": "2015-03-04T19:19:53Z", "lft": 1, "tree_id": 41, "position": 0, "placeholder": 103, "plugin_type": "TextPlugin"}, "model": "cms.cmsplugin", "pk": 42}, {"fields": {"rght": 2, "changed_date": "2015-03-04T19:20:21Z", "parent": null, "language": "en", "level": 0, "creation_date": "2015-03-04T19:20:10Z", "lft": 1, "tree_id": 42, "position": 1, "placeholder": 103, "plugin_type": "PicturePlugin"}, "model": "cms.cmsplugin", "pk": 43}, {"fields": {"rght": 2, "changed_date": "2015-03-04T19:20:39Z", "parent": null, "language": "en", "level": 0, "creation_date": "2015-03-04T19:20:29Z", "lft": 1, "tree_id": 43, "position": 2, "placeholder": 103, "plugin_type": "PicturePlugin"}, "model": "cms.cmsplugin", "pk": 44}, {"fields": {"rght": 2, "changed_date": "2015-03-04T19:21:00Z", "parent": null, "language": "en", "level": 0, "creation_date": "2015-03-04T19:20:48Z", "lft": 1, "tree_id": 44, "position": 3, "placeholder": 103, "plugin_type": "PicturePlugin"}, "model": "cms.cmsplugin", "pk": 45}, {"fields": {"rght": 2, "changed_date": "2015-03-04T19:26:02Z", "parent": null, "language": "en", "level": 0, "creation_date": "2015-03-04T19:25:51Z", "lft": 1, "tree_id": 45, "position": 0, "placeholder": 104, "plugin_type": "TextPlugin"}, "model": "cms.cmsplugin", "pk": 46}, {"fields": {"rght": 2, "changed_date": "2015-03-04T19:34:10Z", "parent": null, "language": "en", "level": 0, "creation_date": "2015-03-04T19:33:58Z", "lft": 1, "tree_id": 46, "position": 1, "placeholder": 104, "plugin_type": "PicturePlugin"}, "model": "cms.cmsplugin", "pk": 47}, {"fields": {"rght": 2, "changed_date": "2015-03-04T19:34:33Z", "parent": null, "language": "en", "level": 0, "creation_date": "2015-03-04T19:34:23Z", "lft": 1, "tree_id": 47, "position": 2, "placeholder": 104, "plugin_type": "PicturePlugin"}, "model": "cms.cmsplugin", "pk": 48}, {"fields": {"rght": 2, "changed_date": "2015-03-04T19:34:57Z", "parent": null, "language": "en", "level": 0, "creation_date": "2015-03-04T19:34:47Z", "lft": 1, "tree_id": 48, "position": 3, "placeholder": 104, "plugin_type": "PicturePlugin"}, "model": "cms.cmsplugin", "pk": 49}, {"fields": {"rght": 2, "changed_date": "2015-03-04T19:35:21Z", "parent": null, "language": "en", "level": 0, "creation_date": "2015-03-04T19:35:11Z", "lft": 1, "tree_id": 49, "position": 4, "placeholder": 104, "plugin_type": "PicturePlugin"}, "model": "cms.cmsplugin", "pk": 50}, {"fields": {"rght": 2, "changed_date": "2015-03-06T00:46:57Z", "parent": null, "language": "en", "level": 0, "creation_date": "2015-03-04T22:20:43Z", "lft": 1, "tree_id": 50, "position": 0, "placeholder": 2, "plugin_type": "LatestArticlesPlugin"}, "model": "cms.cmsplugin", "pk": 51}, {"fields": {"rght": 2, "changed_date": "2015-03-06T01:21:55Z", "parent": null, "language": "en", "level": 0, "creation_date": "2015-03-05T12:28:22Z", "lft": 1, "tree_id": 51, "position": 1, "placeholder": 2, "plugin_type": "CelebritiesPlugin"}, "model": "cms.cmsplugin", "pk": 52}, {"fields": {"rght": 2, "changed_date": "2015-03-05T13:36:12Z", "parent": null, "language": "en", "level": 0, "creation_date": "2015-03-05T13:36:09Z", "lft": 1, "tree_id": 52, "position": 2, "placeholder": 2, "plugin_type": "EventsPlugin"}, "model": "cms.cmsplugin", "pk": 53}, {"fields": {"rght": 2, "changed_date": "2015-03-06T15:43:44Z", "parent": null, "language": "en", "level": 0, "creation_date": "2015-03-04T22:20:43Z", "lft": 1, "tree_id": 53, "position": 0, "placeholder": 3, "plugin_type": "LatestArticlesPlugin"}, "model": "cms.cmsplugin", "pk": 62}, {"fields": {"rght": 2, "changed_date": "2015-03-06T15:43:44Z", "parent": null, "language": "en", "level": 0, "creation_date": "2015-03-05T12:28:22Z", "lft": 1, "tree_id": 54, "position": 1, "placeholder": 3, "plugin_type": "CelebritiesPlugin"}, "model": "cms.cmsplugin", "pk": 63}, {"fields": {"rght": 2, "changed_date": "2015-03-06T15:43:44Z", "parent": null, "language": "en", "level": 0, "creation_date": "2015-03-05T13:36:09Z", "lft": 1, "tree_id": 55, "position": 2, "placeholder": 3, "plugin_type": "EventsPlugin"}, "model": "cms.cmsplugin", "pk": 64}, {"fields": {"rght": 2, "navigation_extenders": null, "site": 1, "application_namespace": null, "lft": 1, "in_navigation": true, "reverse_id": null, "login_required": false, "created_by": "aaron", "languages": "en", "publication_end_date": null, "template": "INHERIT", "tree_id": 1, "placeholders": [2], "changed_date": "2015-03-06T15:43:45Z", "limit_visibility_in_menu": null, "parent": null, "soft_root": false, "is_home": true, "publication_date": "2015-03-03T20:10:21Z", "creation_date": "2015-03-03T20:10:21Z", "publisher_public": 2, "level": 0, "changed_by": "aaron", "application_urls": null, "publisher_is_draft": true, "xframe_options": 0, "revision_id": 0}, "model": "cms.page", "pk": 1}, {"fields": {"rght": 2, "navigation_extenders": null, "site": 1, "application_namespace": null, "lft": 1, "in_navigation": true, "reverse_id": null, "login_required": false, "created_by": "aaron", "languages": "en", "publication_end_date": null, "template": "INHERIT", "tree_id": 2, "placeholders": [3], "changed_date": "2015-03-06T15:43:45Z", "limit_visibility_in_menu": null, "parent": null, "soft_root": false, "is_home": true, "publication_date": "2015-03-03T20:10:21Z", "creation_date": "2015-03-03T20:10:21Z", "publisher_public": 1, "level": 0, "changed_by": "aaron", "application_urls": null, "publisher_is_draft": false, "xframe_options": 0, "revision_id": 0}, "model": "cms.page", "pk": 2}, {"fields": {"rght": 2, "navigation_extenders": "", "site": 1, "application_namespace": "events", "lft": 1, "in_navigation": true, "reverse_id": null, "login_required": false, "created_by": "aaron", "languages": "en", "publication_end_date": null, "template": "INHERIT", "tree_id": 3, "placeholders": [4], "changed_date": "2015-03-03T21:26:58Z", "limit_visibility_in_menu": null, "parent": null, "soft_root": false, "is_home": false, "publication_date": "2015-03-03T20:14:25Z", "creation_date": "2015-03-03T20:12:25Z", "publisher_public": 7, "level": 0, "changed_by": "aaron", "application_urls": "EventsApp", "publisher_is_draft": true, "xframe_options": 0, "revision_id": 0}, "model": "cms.page", "pk": 3}, {"fields": {"rght": 2, "navigation_extenders": "", "site": 1, "application_namespace": "celebrities", "lft": 1, "in_navigation": true, "reverse_id": null, "login_required": false, "created_by": "aaron", "languages": "en", "publication_end_date": null, "template": "INHERIT", "tree_id": 5, "placeholders": [5], "changed_date": "2015-03-03T21:25:52Z", "limit_visibility_in_menu": null, "parent": null, "soft_root": false, "is_home": false, "publication_date": "2015-03-03T20:19:01Z", "creation_date": "2015-03-03T20:12:51Z", "publisher_public": 8, "level": 0, "changed_by": "aaron", "application_urls": "CelebritiesApp", "publisher_is_draft": true, "xframe_options": 0, "revision_id": 0}, "model": "cms.page", "pk": 4}, {"fields": {"rght": 2, "navigation_extenders": "", "site": 1, "application_namespace": "articles", "lft": 1, "in_navigation": true, "reverse_id": null, "login_required": false, "created_by": "aaron", "languages": "en", "publication_end_date": null, "template": "INHERIT", "tree_id": 7, "placeholders": [6], "changed_date": "2015-03-04T18:48:13Z", "limit_visibility_in_menu": null, "parent": null, "soft_root": false, "is_home": false, "publication_date": "2015-03-03T20:19:07Z", "creation_date": "2015-03-03T20:13:13Z", "publisher_public": 9, "level": 0, "changed_by": "aaron", "application_urls": "ArticlesApp", "publisher_is_draft": true, "xframe_options": 0, "revision_id": 0}, "model": "cms.page", "pk": 5}, {"fields": {"rght": 2, "navigation_extenders": null, "site": 1, "application_namespace": null, "lft": 1, "in_navigation": true, "reverse_id": null, "login_required": false, "created_by": "aaron", "languages": "en", "publication_end_date": null, "template": "INHERIT", "tree_id": 9, "placeholders": [7], "changed_date": "2015-03-03T20:19:15Z", "limit_visibility_in_menu": null, "parent": null, "soft_root": false, "is_home": false, "publication_date": "2015-03-03T20:19:14Z", "creation_date": "2015-03-03T20:14:11Z", "publisher_public": 10, "level": 0, "changed_by": "aaron", "application_urls": null, "publisher_is_draft": true, "xframe_options": 0, "revision_id": 0}, "model": "cms.page", "pk": 6}, {"fields": {"rght": 2, "navigation_extenders": "", "site": 1, "application_namespace": "events", "lft": 1, "in_navigation": true, "reverse_id": null, "login_required": false, "created_by": "aaron", "languages": "en", "publication_end_date": null, "template": "INHERIT", "tree_id": 4, "placeholders": [8], "changed_date": "2015-03-03T21:26:58Z", "limit_visibility_in_menu": null, "parent": null, "soft_root": false, "is_home": false, "publication_date": "2015-03-03T20:14:25Z", "creation_date": "2015-03-03T20:14:25Z", "publisher_public": 3, "level": 0, "changed_by": "aaron", "application_urls": "EventsApp", "publisher_is_draft": false, "xframe_options": 0, "revision_id": 0}, "model": "cms.page", "pk": 7}, {"fields": {"rght": 2, "navigation_extenders": null, "site": 1, "application_namespace": "celebrities", "lft": 1, "in_navigation": true, "reverse_id": null, "login_required": false, "created_by": "aaron", "languages": "en", "publication_end_date": null, "template": "INHERIT", "tree_id": 6, "placeholders": [9], "changed_date": "2015-03-03T21:25:52Z", "limit_visibility_in_menu": null, "parent": null, "soft_root": false, "is_home": false, "publication_date": "2015-03-03T20:19:01Z", "creation_date": "2015-03-03T20:19:01Z", "publisher_public": 4, "level": 0, "changed_by": "aaron", "application_urls": "CelebritiesApp", "publisher_is_draft": false, "xframe_options": 0, "revision_id": 0}, "model": "cms.page", "pk": 8}, {"fields": {"rght": 2, "navigation_extenders": "", "site": 1, "application_namespace": "articles", "lft": 1, "in_navigation": true, "reverse_id": null, "login_required": false, "created_by": "aaron", "languages": "en", "publication_end_date": null, "template": "INHERIT", "tree_id": 8, "placeholders": [10], "changed_date": "2015-03-04T18:48:13Z", "limit_visibility_in_menu": null, "parent": null, "soft_root": false, "is_home": false, "publication_date": "2015-03-03T20:19:07Z", "creation_date": "2015-03-03T20:19:07Z", "publisher_public": 5, "level": 0, "changed_by": "aaron", "application_urls": "ArticlesApp", "publisher_is_draft": false, "xframe_options": 0, "revision_id": 0}, "model": "cms.page", "pk": 9}, {"fields": {"rght": 2, "navigation_extenders": null, "site": 1, "application_namespace": null, "lft": 1, "in_navigation": true, "reverse_id": null, "login_required": false, "created_by": "aaron", "languages": "en", "publication_end_date": null, "template": "INHERIT", "tree_id": 10, "placeholders": [11], "changed_date": "2015-03-03T20:19:15Z", "limit_visibility_in_menu": null, "parent": null, "soft_root": false, "is_home": false, "publication_date": "2015-03-03T20:19:14Z", "creation_date": "2015-03-03T20:19:14Z", "publisher_public": 6, "level": 0, "changed_by": "aaron", "application_urls": null, "publisher_is_draft": false, "xframe_options": 0, "revision_id": 0}, "model": "cms.page", "pk": 10}, {"fields": {"menu_title": "Home", "meta_description": "", "page_title": "", "language": "en", "title": "Theia Press & Media", "has_url_overwrite": false, "redirect": null, "publisher_is_draft": true, "page": 1, "published": true, "path": "", "publisher_state": 0, "creation_date": "2015-03-03T20:10:21Z", "slug": "home", "publisher_public": 2}, "model": "cms.title", "pk": 1}, {"fields": {"menu_title": "Home", "meta_description": "", "page_title": "", "language": "en", "title": "Theia Press & Media", "has_url_overwrite": false, "redirect": null, "publisher_is_draft": false, "page": 2, "published": true, "path": "", "publisher_state": 1, "creation_date": "2015-03-03T20:10:21Z", "slug": "home", "publisher_public": 1}, "model": "cms.title", "pk": 2}, {"fields": {"menu_title": "", "meta_description": "", "page_title": "", "language": "en", "title": "Events", "has_url_overwrite": false, "redirect": "", "publisher_is_draft": true, "page": 3, "published": true, "path": "events", "publisher_state": 0, "creation_date": "2015-03-03T20:12:25Z", "slug": "events", "publisher_public": 7}, "model": "cms.title", "pk": 3}, {"fields": {"menu_title": "Celebrities", "meta_description": "", "page_title": "", "language": "en", "title": "Celebrities in Theia", "has_url_overwrite": false, "redirect": "", "publisher_is_draft": true, "page": 4, "published": true, "path": "celebrities", "publisher_state": 1, "creation_date": "2015-03-03T20:12:51Z", "slug": "celebrities", "publisher_public": 8}, "model": "cms.title", "pk": 4}, {"fields": {"menu_title": "", "meta_description": "", "page_title": "", "language": "en", "title": "Articles & Publications", "has_url_overwrite": false, "redirect": "", "publisher_is_draft": true, "page": 5, "published": true, "path": "articles", "publisher_state": 0, "creation_date": "2015-03-03T20:13:14Z", "slug": "articles", "publisher_public": 9}, "model": "cms.title", "pk": 5}, {"fields": {"menu_title": "Resources", "meta_description": "", "page_title": "", "language": "en", "title": "Brand Guidelines", "has_url_overwrite": false, "redirect": null, "publisher_is_draft": true, "page": 6, "published": true, "path": "resources", "publisher_state": 0, "creation_date": "2015-03-03T20:14:11Z", "slug": "resources", "publisher_public": 10}, "model": "cms.title", "pk": 6}, {"fields": {"menu_title": "", "meta_description": "", "page_title": "", "language": "en", "title": "Events", "has_url_overwrite": false, "redirect": "", "publisher_is_draft": false, "page": 7, "published": true, "path": "events", "publisher_state": 0, "creation_date": "2015-03-03T20:12:25Z", "slug": "events", "publisher_public": 3}, "model": "cms.title", "pk": 7}, {"fields": {"menu_title": "Celebrities", "meta_description": "", "page_title": "", "language": "en", "title": "Celebrities in Theia", "has_url_overwrite": false, "redirect": null, "publisher_is_draft": false, "page": 8, "published": true, "path": "celebrities", "publisher_state": 0, "creation_date": "2015-03-03T20:12:51Z", "slug": "celebrities", "publisher_public": 4}, "model": "cms.title", "pk": 8}, {"fields": {"menu_title": "", "meta_description": "", "page_title": "", "language": "en", "title": "Articles & Publications", "has_url_overwrite": false, "redirect": "", "publisher_is_draft": false, "page": 9, "published": true, "path": "articles", "publisher_state": 0, "creation_date": "2015-03-03T20:13:14Z", "slug": "articles", "publisher_public": 5}, "model": "cms.title", "pk": 9}, {"fields": {"menu_title": "Resources", "meta_description": "", "page_title": "", "language": "en", "title": "Brand Guidelines", "has_url_overwrite": false, "redirect": null, "publisher_is_draft": false, "page": 10, "published": true, "path": "resources", "publisher_state": 0, "creation_date": "2015-03-03T20:14:11Z", "slug": "resources", "publisher_public": 6}, "model": "cms.title", "pk": 10}, {"fields": {"code": "media_contacts", "name": "media_contacts", "creation_method": "template", "site": null, "draft": 14, "dirty": false, "public": 15}, "model": "cms.staticplaceholder", "pk": 1}, {"fields": {"code": "articles_index_footer", "name": "articles_index_footer", "creation_method": "template", "site": null, "draft": 86, "dirty": false, "public": 87}, "model": "cms.staticplaceholder", "pk": 2}]